Noun_plural_form_from_corpus,Plural_form_errors_in_count_context_from_corpus,Type,Condition_label,Intervening_noun_base_form,Gender_of_intervening_noun,Number_of_intervening_noun,Gender_of_target_noun,Number_of_target_noun,Beginning,Numeral,Condition_beginning,Target_noun_base_form,Target_noun_plural_form,Target_noun_count_form,Target_noun_other_plural_forms,Group,Final_sentence,Target_noun_after_final_sentence,File_prefix_of_all_audio_files,All_audio_files_original_name,,Path_of_audio_files_final_name,Output_audio_file_partial_filename,Number_of_words_in_condition
месеци,214,target1,A,време,n,sg,m,pl,В паметта на човека изплуваха,два,изминали,месец,месеци,месеца,,A,В паметта на човека изплуваха два изминали,месец,Targets,STE-001_mono.wav,,Targets/mono/STE-001_mono.wav,target1_A_месец_два_A,1
месеци,214,target1,APN,време,n,sg,m,pl,В паметта на човека изплуваха,два,изминали преди време,месец,месеци,месеца,,B,В паметта на човека изплуваха два изминали преди време,месец,Targets,STE-002_mono.wav,,Targets/mono/STE-002_mono.wav,target1_APN_месец_два_B,3
месеци,214,target1,APAdvAN,време,n,sg,m,pl,В паметта на човека изплуваха,два,изминали преди много дълго време,месец,месеци,месеца,,C,В паметта на човека изплуваха два изминали преди много дълго време,месец,Targets,STE-003_mono.wav,,Targets/mono/STE-003_mono.wav,target1_APAdvAN_месец_два_C,5
кладенци,97,target1,A,камъче,n,sg,m,pl,Като мираж в пустинята проблясваха,три,пълни,кладенец,кладенци,кладенеца,,C,Като мираж в пустинята проблясваха три пълни,кладенец,Targets,STE-004_mono.wav,,Targets/mono/STE-004_mono.wav,target1_A_кладенец_три_C,1
кладенци,97,target1,APN,камъче,n,sg,m,pl,Като мираж в пустинята проблясваха,три,пълни с камъчета,кладенец,кладенци,кладенеца,,A,Като мираж в пустинята проблясваха три пълни с камъчета,кладенец,Targets,STE-005_mono.wav,,Targets/mono/STE-005_mono.wav,target1_APN_кладенец_три_A,3
кладенци,97,target1,APAdvAN,камъче,n,sg,m,pl,Като мираж в пустинята проблясваха,три,пълни с много бляскави камъчета,кладенец,кладенци,кладенеца,,B,Като мираж в пустинята проблясваха три пълни с много бляскави камъчета,кладенец,Targets,STE-006_mono.wav,,Targets/mono/STE-006_mono.wav,target1_APAdvAN_кладенец_три_B,5
градове,62,target1,A,туристка,f,sg,m,pl,В страната процъфтяваха,два,посещавани ,град,градове,града,,B,В страната процъфтяваха два посещавани,град,Targets,STE-007_mono.wav,,Targets/mono/STE-007_mono.wav,target1_A_град_два_B,1
градове,62,target1,APN,туристка,f,sg,m,pl,В страната процъфтяваха,два,посещавани от туристката,град,градове,града,,C,В страната процъфтяваха два посещавани от туристката,град,Targets,STE-008_mono.wav,,Targets/mono/STE-008_mono.wav,target1_APN_град_два_C,3
градове,62,target1,APAdvAN,туристка,f,sg,m,pl,В страната процъфтяваха,два,посещавани от много заинтересoваната туристка,град,градове,града,,A,В страната процъфтяваха два посещавани от много заинтересoваната туристка,град,Targets,STE-009_mono.wav,,Targets/mono/STE-009_mono.wav,target1_APAdvAN_град_два_A,5
товари,60,target1,A,кола,f,sg,m,pl,Сутринта пристигнаха,три,превозeни,товар,товари,товара,,A,Сутринта пристигнаха три превозeни,товар,Targets,STE-010_mono.wav,,Targets/mono/STE-010_mono.wav,target1_A_товар_три_A,1
товари,60,target1,APN,кола,f,sg,m,pl,Сутринта пристигнаха,три,превозeни от колата,товар,товари,товара,,B,Сутринта пристигнаха три превозeни от колата,товар,Targets,STE-011_mono.wav,,Targets/mono/STE-011_mono.wav,target1_APN_товар_три_B,3
товари,60,target1,APAdvAN,кола,f,sg,m,pl,Сутринта пристигнаха,три,превозeни от много голямата кола,товар,товари,товара,,C,Сутринта пристигнаха три превозeни от много голямата кола,товар,Targets,STE-012_mono.wav,,Targets/mono/STE-012_mono.wav,target1_APAdvAN_товар_три_C,5
възли,48,target1,A,чистачка,f,sg,m,pl,На кораба пътниците впечатляваха,четири,направени,възел,възли,възела,възели,C,На кораба пътниците впечатляваха четири направени,възел,Targets,STE-013_mono.wav,,Targets/mono/STE-013_mono.wav,target1_A_възел_четири_C,1
възли,48,target1,APN,чистачка,f,sg,m,pl,На кораба пътниците впечатляваха,четири,направени от чистачката,възел,възли,възела,възели,A,На кораба пътниците впечатляваха четири направени от чистачката,възел,Targets,STE-014_mono.wav,,Targets/mono/STE-014_mono.wav,target1_APN_възел_четири_A,3
възли,48,target1,APAdvAN,чистачка,f,sg,m,pl,На кораба пътниците впечатляваха,четири,направени от много сръчната чистачка,възел,възли,възела,възели,B,На кораба пътниците впечатляваха четири направени от много сръчната чистачка,възел,Targets,STE-015_mono.wav,,Targets/mono/STE-015_mono.wav,target1_APAdvAN_възел_четири_B,5
ъгли,46,target1,A,ученичка,f,sg,m,pl,На дъската учениците занимаваха,пет,начертани,ъгъл,ъгли,ъгъла,,B,На дъската учениците занимаваха пет начертани,ъгъл,Targets,STE-016_mono.wav,,Targets/mono/STE-016_mono.wav,target1_A_ъгъл_пет_B,1
ъгли,46,target1,APN,ученичка,f,sg,m,pl,На дъската учениците занимаваха,пет,начертани от ученичката,ъгъл,ъгли,ъгъла,,C,На дъската учениците занимаваха пет начертани от ученичката,ъгъл,Targets,STE-017_mono.wav,,Targets/mono/STE-017_mono.wav,target1_APN_ъгъл_пет_C,3
ъгли,46,target1,APAdvAN,ученичка,f,sg,m,pl,На дъската учениците занимаваха,пет,начертани от много ученолюбивата ученичка,ъгъл,ъгли,ъгъла,,A,На дъската учениците занимаваха пет начертани от много ученолюбивата ученичка,ъгъл,Targets,STE-018_mono.wav,,Targets/mono/STE-018_mono.wav,target1_APAdvAN_ъгъл_пет_A,5
коне,38,target1,A,баба,f,sg,m,pl,От ранчото избягаха,шест,опитомени,кон,коне,коня,,A,От ранчото избягаха шест опитомени,кон,Targets,STE-019_mono.wav,,Targets/mono/STE-019_mono.wav,target1_A_кон_шест_A,1
коне,38,target1,APN,баба,f,sg,m,pl,От ранчото избягаха,шест,опитомени от бабата,кон,коне,коня,,B,От ранчото избягаха шест опитомени от бабата,кон,Targets,STE-020_mono.wav,,Targets/mono/STE-020_mono.wav,target1_APN_кон_шест_B,3
коне,38,target1,APAdvAN,баба,f,sg,m,pl,От ранчото избягаха,шест,опитомени от много старата баба,кон,коне,коня,,C,От ранчото избягаха шест опитомени от много старата баба,кон,Targets,STE-021_mono.wav,,Targets/mono/STE-021_mono.wav,target1_APAdvAN_кон_шест_C,5
случаи,34,target1,A,професорка,f,sg,m,pl,На срещата публиката вълнуваха,седем,обсъждани,случай,случаи,случая,,C,На срещата публиката вълнуваха седем обсъждани,случай,Targets,STE-022_mono.wav,,Targets/mono/STE-022_mono.wav,target1_A_случай_седем_C,1
случаи,34,target1,APN,професорка,f,sg,m,pl,На срещата публиката вълнуваха,седем,обсъждани от професорката,случай,случаи,случая,,A,На срещата публиката вълнуваха седем обсъждани от професорката,случай,Targets,STE-023_mono.wav,,Targets/mono/STE-023_mono.wav,target1_APN_случай_седем_A,3
случаи,34,target1,APAdvAN,професорка,f,sg,m,pl,На срещата публиката вълнуваха,седем,обсъждани от много запознатата професорка,случай,случаи,случая,,B,На срещата публиката вълнуваха седем обсъждани от много запознатата професорка,случай,Targets,STE-024_mono.wav,,Targets/mono/STE-024_mono.wav,target1_APAdvAN_случай_седем_B,5
венци,31,target1,A,вдовица,f,sg,m,pl,Главата на войника красяха,два,изплетени,венец,венци,венеца,,B,Главата на войника красяха два изплетени,венец,Targets,STE-025_mono.wav,,Targets/mono/STE-025_mono.wav,target1_A_венец_два_B,1
венци,31,target1,APN,вдовица,f,sg,m,pl,Главата на войника красяха,два,изплетени от вдовицата,венец,венци,венеца,,C,Главата на войника красяха два изплетени от вдовицата,венец,Targets,STE-026_mono.wav,,Targets/mono/STE-026_mono.wav,target1_APN_венец_два_C,3
венци,31,target1,APAdvAN,вдовица,f,sg,m,pl,Главата на войника красяха,два,изплетени от много добрата вдовица,венец,венци,венеца,,A,Главата на войника красяха два изплетени от много добрата вдовица,венец,Targets,STE-027_mono.wav,,Targets/mono/STE-027_mono.wav,target1_APAdvAN_венец_два_A,5
критерии,30,target1,A,събрание,n,sg,m,pl,Следващите стъпки определиха ,четири,съществени,критерий,критерии,критерия,,A,Следващите стъпки определиха четири съществени,критерий,Targets,STE-028_mono.wav,,Targets/mono/STE-028_mono.wav,target1_A_критерий_четири_A,1
критерии,30,target1,APN,събрание,n,sg,m,pl,Следващите стъпки определиха ,четири,съществени за събранието,критерий,критерии,критерия,,B,Следващите стъпки определиха четири съществени за събранието,критерий,Targets,STE-029_mono.wav,,Targets/mono/STE-029_mono.wav,target1_APN_критерий_четири_B,3
критерии,30,target1,APAdvAN,събрание,n,sg,m,pl,Следващите стъпки определиха ,четири,съществени за много голямото събрание,критерий,критерии,критерия,,C,Следващите стъпки определиха четири съществени за много голямото събрание,критерий,Targets,STE-030_mono.wav,,Targets/mono/STE-030_mono.wav,target1_APAdvAN_критерий_четири_C,5
тюлени,30,target1,A,заледяване,n,sg,m,pl,На полюса зимата преживяха,пет,оцелели,тюлен,тюлени,тюлена,,C,На полюса зимата преживяха пет оцелели,тюлен,Targets,STE-031_mono.wav,,Targets/mono/STE-031_mono.wav,target1_A_тюлен_пет_C,1
тюлени,30,target1,APN,заледяване,n,sg,m,pl,На полюса зимата преживяха,пет,оцелели след заледяването,тюлен,тюлени,тюлена,,A,На полюса зимата преживяха пет оцелели след заледяването,тюлен,Targets,STE-032_mono.wav,,Targets/mono/STE-032_mono.wav,target1_APN_тюлен_пет_A,3
тюлени,30,target1,APAdvAN,заледяване,n,sg,m,pl,На полюса зимата преживяха,пет,оцелели след много рязкото заледяване,тюлен,тюлени,тюлена,,B,На полюса зимата преживяха пет оцелели след много рязкото заледяване,тюлен,Targets,STE-033_mono.wav,,Targets/mono/STE-033_mono.wav,target1_APAdvAN_тюлен_пет_B,5
дукати,29,target1,A,дама,f,sg,m,pl,Голямата сензация на търга станаха,три,продадени,дукат,дукати,дуката,,B,Голямата сензация на търга станаха три продадени,дукат,Targets,STE-034_mono.wav,,Targets/mono/STE-034_mono.wav,target1_A_дукат_три_B,1
дукати,29,target1,APN,дама,f,sg,m,pl,Голямата сензация на търга станаха,три,продадени от дамата,дукат,дукати,дуката,,C,Голямата сензация на търга станаха три продадени от дамата,дукат,Targets,STE-035_mono.wav,,Targets/mono/STE-035_mono.wav,target1_APN_дукат_три_C,3
дукати,29,target1,APAdvAN,дама,f,sg,m,pl,Голямата сензация на търга станаха,три,продадени от много възрастната дама,дукат,дукати,дуката,,A,Голямата сензация на търга станаха три продадени от много възрастната дама,дукат,Targets,STE-036_mono.wav,,Targets/mono/STE-036_mono.wav,target1_APAdvAN_дукат_три_A,5
образци,28,target1,A,преподавателка,f,sg,m,pl,В класната стая дъската запълваха,четири,нарисувани,образец,образци,образеца,,A,В класната стая дъската запълваха четири нарисувани,образец,Targets,STE-037_mono.wav,,Targets/mono/STE-037_mono.wav,target1_A_образец_четири_A,1
образци,28,target1,APN,преподавателка,f,sg,m,pl,В класната стая дъската запълваха,четири,нарисувани от преподавателката,образец,образци,образеца,,B,В класната стая дъската запълваха четири нарисувани от преподавателката,образец,Targets,STE-038_mono.wav,,Targets/mono/STE-038_mono.wav,target1_APN_образец_четири_B,3
образци,28,target1,APAdvAN,преподавателка,f,sg,m,pl,В класната стая дъската запълваха,четири,нарисувани от много младата преподавателка,образец,образци,образеца,,C,В класната стая дъската запълваха четири нарисувани от много младата преподавателка,образец,Targets,STE-039_mono.wav,,Targets/mono/STE-039_mono.wav,target1_APAdvAN_образец_четири_C,5
жребци,24,target1,A,ранчо,n,sg,m,pl,На свобода тичаха,шест,избягали,жребец,жребци,жребеца,,C,На свобода тичаха шест избягали,жребец,Targets,STE-040_mono.wav,,Targets/mono/STE-040_mono.wav,target1_A_жребец_шест_C,1
жребци,24,target1,APN,ранчо,n,sg,m,pl,На свобода тичаха,шест,избягали от ранчото,жребец,жребци,жребеца,,A,На свобода тичаха шест избягали от ранчото,жребец,Targets,STE-041_mono.wav,,Targets/mono/STE-041_mono.wav,target1_APN_жребец_шест_A,3
жребци,24,target1,APAdvAN,ранчо,n,sg,m,pl,На свобода тичаха,шест,избягали от много голямото ранчо,жребец,жребци,жребеца,,B,На свобода тичаха шест избягали от много голямото ранчо,жребец,Targets,STE-042_mono.wav,,Targets/mono/STE-042_mono.wav,target1_APAdvAN_жребец_шест_B,5
вълци,22,target1,A,момиче,n,sg,m,pl,В гората виеха,седем,страшни,вълк,вълци,вълка,,B,В гората виеха седем страшни,вълк,Targets,STE-043_mono.wav,,Targets/mono/STE-043_mono.wav,target1_A_вълк_седем_B,1
вълци,22,target1,APN,момиче,n,sg,m,pl,В гората виеха,седем,страшни за момичето,вълк,вълци,вълка,,C,В гората виеха седем страшни за момичето,вълк,Targets,STE-044_mono.wav,,Targets/mono/STE-044_mono.wav,target1_APN_вълк_седем_C,3
вълци,22,target1,APAdvAN,момиче,n,sg,m,pl,В гората виеха,седем,страшни за много малкото момиче,вълк,вълци,вълка,,A,В гората виеха седем страшни за много малкото момиче,вълк,Targets,STE-045_mono.wav,,Targets/mono/STE-045_mono.wav,target1_APAdvAN_вълк_седем_A,5
пръсти,20,target1,A,лечение,n,sg,m,pl,Вниманието на лекаря насочваха,два,надути,пръст,пръсти,пръста,,A,Вниманието на лекаря насочваха два надути,пръст,Targets,STE-046_mono.wav,,Targets/mono/STE-046_mono.wav,target1_A_пръст_два_A,1
пръсти,20,target1,APN,лечение,n,sg,m,pl,Вниманието на лекаря насочваха,два,надути след лечението,пръст,пръсти,пръста,,B,Вниманието на лекаря насочваха два надути след лечението,пръст,Targets,STE-047_mono.wav,,Targets/mono/STE-047_mono.wav,target1_APN_пръст_два_B,3
пръсти,20,target1,APAdvAN,плашило,n,sg,m,pl,Вниманието на лекаря насочваха,два,надути след много скъпото лечение,пръст,пръсти,пръста,,C,Вниманието на лекаря насочваха два надути след много скъпото лечение,пръст,Targets,STE-048_mono.wav,,Targets/mono/STE-048_mono.wav,target1_APAdvAN_пръст_два_C,5
соколи,20,target1,A,плашило,n,sg,m,pl,От скривалището излетяха,три,подплашени,сокол,соколи,сокола,,C,От скривалището излетяха три подплашени,сокол,Targets,STE-049_mono.wav,,Targets/mono/STE-049_mono.wav,target1_A_сокол_три_C,1
соколи,20,target1,APN,плашило,n,sg,m,pl,От скривалището излетяха,три,подплашени от плашилото,сокол,соколи,сокола,,A,От скривалището излетяха три подплашени от плашилото,сокол,Targets,STE-050_mono.wav,,Targets/mono/STE-050_mono.wav,target1_APN_сокол_три_A,3
соколи,20,target1,APAdvAN,плашило,n,sg,m,pl,От скривалището излетяха,три,подплашени от много голямото плашило,сокол,соколи,сокола,,B,От скривалището излетяха три подплашени от много голямото плашило,сокол,Targets,STE-051_mono.wav,,Targets/mono/STE-051_mono.wav,target1_APAdvAN_сокол_три_B,5
огньове,19,target1,A,гора,f,sg,m,pl,Онази нощ горяха,пет,пламнали,огън,огньове,огъня,,B,Онази нощ горяха пет пламнали,огън,Targets,STE-052_mono.wav,,Targets/mono/STE-052_mono.wav,target1_A_огън_пет_B,1
огньове,19,target1,APN,гора,f,sg,m,pl,Онази нощ горяха,пет,пламнали в гората,огън,огньове,огъня,,C,Онази нощ горяха пет пламнали в гората,огън,Targets,STE-053_mono.wav,,Targets/mono/STE-053_mono.wav,target1_APN_огън_пет_C,3
огньове,19,target1,APAdvAN,гора,f,sg,m,pl,Онази нощ горяха,пет,пламнали в много гъстата гора,огън,огньове,огъня,,A,Онази нощ горяха пет пламнали в много гъстата гора,огън,Targets,STE-054_mono.wav,,Targets/mono/STE-054_mono.wav,target1_APAdvAN_огън_пет_A,5
прозорци,19,target1,A,дете,n,sg,m,pl,С поправката майстора затрудниха,четири,счупени,прозорец,прозорци,прозореца,,A,С поправката майстора затрудниха четири счупени,прозорец,Targets,STE-055_mono.wav,,Targets/mono/STE-055_mono.wav,target1_A_прозорец_четири_A,1
прозорци,19,target1,APN,дете,n,sg,m,pl,С поправката майстора затрудниха,четири,счупени от детето,прозорец,прозорци,прозореца,,B,С поправката майстора затрудниха четири счупени от детето,прозорец,Targets,STE-056_mono.wav,,Targets/mono/STE-056_mono.wav,target1_APN_прозорец_четири_B,3
прозорци,19,target1,APAdvAN,дете,n,sg,m,pl,С поправката майстора затрудниха,четири,счупени от много малкото дете,прозорец,прозорци,прозореца,,C,С поправката майстора затрудниха четири счупени от много малкото дете,прозорец,Targets,STE-057_mono.wav,,Targets/mono/STE-057_mono.wav,target1_APAdvAN_прозорец_четири_C,5
кораби,18,target1,A,цунами,n,sg,m,pl,На пристанището чакаха,пет,повредени,кораб,кораби,кораба,,C,На пристанището чакаха пет повредени,кораб,Targets,STE-058_mono.wav,,Targets/mono/STE-058_mono.wav,target1_A_кораб_пет_C,1
кораби,18,target1,APN,цунами,n,sg,m,pl,На пристанището чакаха,пет,повредени от цунамито,кораб,кораби,кораба,,A,На пристанището чакаха пет повредени от цунамито,кораб,Targets,STE-059_mono.wav,,Targets/mono/STE-059_mono.wav,target1_APN_кораб_пет_A,3
кораби,18,target1,APAdvAN,цунами,n,sg,m,pl,На пристанището чакаха,пет,повредени от много силното цунами,кораб,кораби,кораба,,B,На пристанището чакаха пет повредени от много силното цунами,кораб,Targets,STE-060_mono.wav,,Targets/mono/STE-060_mono.wav,target1_APAdvAN_кораб_пет_B,5
гласове,17,target1,A,гласуване,n,sg,m,pl, На заседанито се откриха,шест,проблемни,глас,гласове,гласа,,B,На заседанито се откриха шест проблемни,глас,Targets,STE-061_mono.wav,,Targets/mono/STE-061_mono.wav,target1_A_глас_шест_B,1
гласове,17,target1,APN,гласуване,n,sg,m,pl, На заседанито се откриха,шест,проблемни за заключението,глас,гласове,гласа,,C,На заседанито се откриха шест проблемни за заключението,глас,Targets,STE-062_mono.wav,,Targets/mono/STE-062_mono.wav,target1_APN_глас_шест_C,3
гласове,17,target1,APAdvAN,гласуване,n,sg,m,pl, На заседанито се откриха,шест,проблемни за много важното заключение,глас,гласове,гласа,,A,На заседанито се откриха шест проблемни за много важното заключение,глас,Targets,STE-063_mono.wav,,Targets/mono/STE-063_mono.wav,target1_APAdvAN_глас_шест_A,5
езици,17,target1,A, завоевание,n,sg,m,pl,В страната се говореха,седем,разпространени,език,езици,езика,,A,В страната се говореха седем разпространени,език,Targets,STE-064_mono.wav,,Targets/mono/STE-064_mono.wav,target1_A_език_седем_A,1
езици,17,target1,APN, завоевание,n,sg,m,pl,В страната се говореха,седем,разпространени след завоеванието,език,езици,езика,,B,В страната се говореха седем разпространени след завоеванието,език,Targets,STE-065_mono.wav,,Targets/mono/STE-065_mono.wav,target1_APN_език_седем_B,3
езици,17,target1,APAdvAN, завоевание,n,sg,m,pl,В страната се говореха,седем,разпространени след много внезапното завоевание,език,езици,езика,,C,В страната се говореха седем разпространени след много внезапното завоевание,език,Targets,STE-066_mono.wav,,Targets/mono/STE-066_mono.wav,target1_APAdvAN_език_седем_C,5
домове,16,target1,A,хазайка,f,sg,m,pl,От плъхове гъмжаха,шест,ремонтирани,дом,домове,дома,,C,От плъхове гъмжаха шест ремонтирани,дом,Targets,STE-067_mono.wav,,Targets/mono/STE-067_mono.wav,target1_A_дом_шест_C,1
домове,16,target1,APN,хазайка,f,sg,m,pl,От плъхове гъмжаха,шест,ремонтирани от хазяйката,дом,домове,дома,,A,От плъхове гъмжаха шест ремонтирани от хазяйката,дом,Targets,STE-068_mono.wav,,Targets/mono/STE-068_mono.wav,target1_APN_дом_шест_A,3
домове,16,target1,APAdvAN,хазайка,f,sg,m,pl,От плъхове гъмжаха,шест,ремонтирани от много строгата хазяйка,дом,домове,дома,,B,От плъхове гъмжаха шест ремонтирани от много строгата хазяйка,дом,Targets,STE-069_mono.wav,,Targets/mono/STE-069_mono.wav,target1_APAdvAN_дом_шест_B,5
наръчници,16,target1,A,лекарка,f,sg,m,pl,Решение на проблема предлагаха,седем,препоръчани ,наръчник,наръчници,наръчника,,B,Решение на проблема предлагаха седем препоръчани,наръчник,Targets,STE-070_mono.wav,,Targets/mono/STE-070_mono.wav,target1_A_наръчник_седем_B,1
наръчници,16,target1,APN,лекарка,f,sg,m,pl,Решение на проблема предлагаха,седем,препоръчани от лекарката,наръчник,наръчници,наръчника,,C,Решение на проблема предлагаха седем препоръчани от лекарката,наръчник,Targets,STE-071_mono.wav,,Targets/mono/STE-071_mono.wav,target1_APN_наръчник_седем_C,3
наръчници,16,target1,APAdvAN,лекарка,f,sg,m,pl,Решение на проблема предлагаха,седем,препоръчани от много известната лекарка,наръчник,наръчници,наръчника,,A,Решение на проблема предлагаха седем препоръчани от много известната лекарка,наръчник,Targets,STE-072_mono.wav,,Targets/mono/STE-072_mono.wav,target1_APAdvAN_наръчник_седем_A,5
,,filler1,A,дете,n,sg,f,pl,В работилницата бяха поправени,две,счупени,маса,маси,маси,,A,В работилницата бяха поправени две счупени,маса,Fillers1,STE-001_mono.wav,,Fillers1/mono/STE-001_mono.wav,filler1_A_маса_две_A,1
,,filler1,APN,дете,n,sg,f,pl,В работилницата бяха поправени,две,счупени от децата,маса,маси,маси,,B,В работилницата бяха поправени две счупени от децата,маса,Fillers1,STE-002_mono.wav,,Fillers1/mono/STE-002_mono.wav,filler1_APN_маса_две_B,3
,,filler1,APAdvAN,дете,n,sg,f,pl,В работилницата бяха поправени,две,счупени от много лошите деца,маса,маси,маси,,C,В работилницата бяха поправени две счупени от много лошите деца,маса,Fillers1,STE-003_mono.wav,,Fillers1/mono/STE-003_mono.wav,filler1_APAdvAN_маса_две_C,5
,,filler1,A,момче,n,sg,f,pl,В чинията бяха сервирани,три,изпържени,риба,риби,риби,,C,В чинията бяха сервирани три изпържени,риба,Fillers1,STE-004_mono.wav,,Fillers1/mono/STE-004_mono.wav,filler1_A_риба_три_C,1
,,filler1,APN,момче,n,sg,f,pl,В чинията бяха сервирани,три,изпържени от момчетата,риба,риби,риби,,A,В чинията бяха сервирани три изпържени от момчетата,риба,Fillers1,STE-005_mono.wav,,Fillers1/mono/STE-005_mono.wav,filler1_APN_риба_три_A,3
,,filler1,APAdvAN,момче,n,sg,f,pl,В чинията бяха сервирани,три,изпържени от много гладните момчета,риба,риби,риби,,B,В чинията бяха сервирани три изпържени от много гладните момчета,риба,Fillers1,STE-006_mono.wav,,Fillers1/mono/STE-006_mono.wav,filler1_APAdvAN_риба_три_B,5
,,filler1,A,момиче,n,sg,f,pl,На контролното се появиха,четири,решени,задача,задачи,задачи,,B,На контролното се появиха четири решени,задача,Fillers1,STE-007_mono.wav,,Fillers1/mono/STE-007_mono.wav,filler1_A_задача_четири_B,1
,,filler1,APN,момиче,n,sg,f,pl,На контролното се появиха,четири,решени от момичето,задача,задачи,задачи,,C,На контролното се появиха четири решени от момичето,задача,Fillers1,STE-008_mono.wav,,Fillers1/mono/STE-008_mono.wav,filler1_APN_задача_четири_C,3
,,filler1,APAdvAN,момиче,n,sg,f,pl,На контролното се появиха,четири,решени от много ученолюбивото момиче,задача,задачи,задачи,,A,На контролното се появиха четири решени от много ученолюбивото момиче,задача,Fillers1,STE-009_mono.wav,,Fillers1/mono/STE-009_mono.wav,filler1_APAdvAN_задача_четири_A,5
,,filler1,A,юначе,n,sg,f,pl,На коня седяха,пет,спасени,принцеса,принцеси,принцеси,,A,На коня седяха пет спасени,принцеса,Fillers1,STE-010_mono.wav,,Fillers1/mono/STE-010_mono.wav,filler1_A_принцеса_пет_A,1
,,filler1,APN,юначе,n,sg,f,pl,На коня седяха,пет,спасени от юначето,принцеса,принцеси,принцеси,,B,На коня седяха пет спасени от юначето,принцеса,Fillers1,STE-011_mono.wav,,Fillers1/mono/STE-011_mono.wav,filler1_APN_принцеса_пет_B,3
,,filler1,APAdvAN,юначе,n,sg,f,pl,На коня седяха,пет,спасени от много смелото юначе,принцеса,принцеси,принцеси,,C,На коня седяха пет спасени от много смелото юначе,принцеса,Fillers1,STE-012_mono.wav,,Fillers1/mono/STE-012_mono.wav,filler1_APAdvAN_принцеса_пет_C,5
,,filler1,A,камъче,n,sg,f,pl,В шкафа стояха,шест,пълни,купичка,купички,купички,,C,В шкафа стояха шест пълни,купичка,Fillers1,STE-013_mono.wav,,Fillers1/mono/STE-013_mono.wav,filler1_A_купичка_шест_C,1
,,filler1,APN,камъче,n,sg,f,pl,В шкафа стояха,шест,пълни с камъчета,купичка,купички,купички,,A,В шкафа стояха шест пълни с камъчета,купичка,Fillers1,STE-014_mono.wav,,Fillers1/mono/STE-014_mono.wav,filler1_APN_купичка_шест_A,3
,,filler1,APAdvAN,камъче,n,sg,f,pl,В шкафа стояха,шест,пълни с много ценни камъчета,купичка,купички,купички,,B,В шкафа стояха шест пълни с много ценни камъчета,купичка,Fillers1,STE-015_mono.wav,,Fillers1/mono/STE-015_mono.wav,filler1_APAdvAN_купичка_шест_B,5
,,filler1,A,капитанче,n,sg,f,pl,По водата се носеха,седем,инспектирани,лодка,лодки,лодки,,B,По водата се носеха седем инспектирани,лодка,Fillers1,STE-016_mono.wav,,Fillers1/mono/STE-016_mono.wav,filler1_A_лодка_седем_B,1
,,filler1,APN,капитанче,n,sg,f,pl,По водата се носеха,седем,инспектирани от морячето,лодка,лодки,лодки,,C,По водата се носеха седем инспектирани от морячето,лодка,Fillers1,STE-017_mono.wav,,Fillers1/mono/STE-017_mono.wav,filler1_APN_лодка_седем_C,3
,,filler1,APAdvAN,капитанче,n,sg,f,pl,По водата се носеха,седем,инспектирани от много отговорното моряче,лодка,лодки,лодки,,A,По водата се носеха седем инспектирани от много отговорното моряче,лодка,Fillers1,STE-018_mono.wav,,Fillers1/mono/STE-018_mono.wav,filler1_APAdvAN_лодка_седем_A,5
,,filler1,A,вълче,n,sg,f,pl,В гората се изгубиха,две,подгонени,овца,овце,овце,,A,В гората се изгубиха две подгонени,овца,Fillers1,STE-019_mono.wav,,Fillers1/mono/STE-019_mono.wav,filler1_A_овца_две_A,1
,,filler1,APN,вълче,n,sg,f,pl,В гората се изгубиха,две,подгонени от вълчето,овца,овце,овце,,B,В гората се изгубиха две подгонени от вълчето,овца,Fillers1,STE-020_mono.wav,,Fillers1/mono/STE-020_mono.wav,filler1_APN_овца_две_B,3
,,filler1,APAdvAN,вълче,n,sg,f,pl,В гората се изгубиха,две,подгонени от много малкото вълче,овца,овце,овце,,C,В гората се изгубиха две подгонени от много малкото вълче,овца,Fillers1,STE-021_mono.wav,,Fillers1/mono/STE-021_mono.wav,filler1_APAdvAN_овца_две_C,5
,,filler1,A,конче,n,sg,f,pl,На земята лежаха,три,съборени,ездачка,ездачки,ездачки,,C,На земята лежаха три съборени,ездачка,Fillers1,STE-022_mono.wav,,Fillers1/mono/STE-022_mono.wav,filler1_A_ездачка_три_C,1
,,filler1,APN,конче,n,sg,f,pl,На земята лежаха,три,съборени от кончето,ездачка,ездачки,ездачки,,A,На земята лежаха три съборени от кончето,ездачка,Fillers1,STE-023_mono.wav,,Fillers1/mono/STE-023_mono.wav,filler1_APN_ездачка_три_A,3
,,filler1,APAdvAN,конче,n,sg,f,pl,На земята лежаха,три,съборени от много буйното конче,ездачка,ездачки,ездачки,,B,На земята лежаха три съборени от много буйното конче,ездачка,Fillers1,STE-024_mono.wav,,Fillers1/mono/STE-024_mono.wav,filler1_APAdvAN_ездачка_три_B,5
,,filler1,A,ключе,n,sg,f,pl,При проверката се намериха,четири,отворени,врата,врати,врати,,B,При проверката се намериха четири отворени,врата,Fillers1,STE-025_mono.wav,,Fillers1/mono/STE-025_mono.wav,filler1_A_врата_четири_B,1
,,filler1,APN,ключе,n,sg,f,pl,При проверката се намериха,четири,отворени с ключето,врата,врати,врати,,C,При проверката се намериха четири отворени с ключето,врата,Fillers1,STE-026_mono.wav,,Fillers1/mono/STE-026_mono.wav,filler1_APN_врата_четири_C,3
,,filler1,APAdvAN,ключе,n,sg,f,pl,При проверката се намериха,четири,отворени с много малкото ключе,врата,врати,врати,,A,При проверката се намериха четири отворени с много малкото ключе,врата,Fillers1,STE-027_mono.wav,,Fillers1/mono/STE-027_mono.wav,filler1_APAdvAN_врата_четири_A,5
,,filler1,A,клонче,n,sg,f,pl,През прозореца се забелязваха,пет,сгушени,птица,птици,птици,,A,През прозореца се забелязваха пет сгушени,птица,Fillers1,STE-028_mono.wav,,Fillers1/mono/STE-028_mono.wav,filler1_A_птица_пет_A,1
,,filler1,APN,клонче,n,sg,f,pl,През прозореца се забелязваха,пет,сгушени на клончето,птица,птици,птици,,B,През прозореца се забелязваха пет сгушени на клончето,птица,Fillers1,STE-029_mono.wav,,Fillers1/mono/STE-029_mono.wav,filler1_APN_птица_пет_B,3
,,filler1,APAdvAN,клонче,n,sg,f,pl,През прозореца се забелязваха,пет,сгушени на много малкото клонче,птица,птици,птици,,C,През прозореца се забелязваха пет сгушени на много малкото клонче,птица,Fillers1,STE-030_mono.wav,,Fillers1/mono/STE-030_mono.wav,filler1_APAdvAN_птица_пет_C,5
,,filler1,A,мече,n,sg,f,pl,Вчера бяха идентифицирани,шест,жилещи,пчела,пчели,пчели,,C,Вчера бяха идентифицирани шест жилещи,пчела,Fillers1,STE-031_mono.wav,,Fillers1/mono/STE-031_mono.wav,filler1_A_пчела_шест_C,1
,,filler1,APN,мече,n,sg,f,pl,Вчера бяха идентифицирани,шест,жилещи мечето,пчела,пчели,пчели,,A,Вчера бяха идентифицирани шест жилещи мечето,пчела,Fillers1,STE-032_mono.wav,,Fillers1/mono/STE-032_mono.wav,filler1_APN_пчела_шест_A,2
,,filler1,APAdvAN,мече,n,sg,f,pl,Вчера бяха идентифицирани,шест,жилещи много малкото мече,пчела,пчели,пчели,,B,Вчера бяха идентифицирани шест жилещи много малкото мече,пчела,Fillers1,STE-033_mono.wav,,Fillers1/mono/STE-033_mono.wav,filler1_APAdvAN_пчела_шест_B,4
,,filler1,A,време,n,sg,f,pl,На заседанието бяха разгледани,седем,актуални,програма,програми,програми,,B,На заседанието бяха разгледани седем актуални,програма,Fillers1,STE-034_mono.wav,,Fillers1/mono/STE-034_mono.wav,filler1_A_програма_седем_B,1
,,filler1,APN,време,n,sg,f,pl,На заседанието бяха разгледани,седем,актуални във времето,програма,програми,програми,,C,На заседанието бяха разгледани седем актуални във времето,програма,Fillers1,STE-035_mono.wav,,Fillers1/mono/STE-035_mono.wav,filler1_APN_програма_седем_C,3
,,filler1,APAdvAN,време,n,sg,f,pl,На заседанието бяха разгледани,седем,актуални в много трудното време,програма,програми,програми,,A,На заседанието бяха разгледани седем актуални в много трудното време,програма,Fillers1,STE-036_mono.wav,,Fillers1/mono/STE-036_mono.wav,filler1_APAdvAN_програма_седем_A,5
,,filler1,A,книга,m,sg,f,pl,Миналата година излязоха,две,преведени,книга,книги,книги,,A,Миналата година излязоха две преведени,книга,Fillers1,STE-037_mono.wav,,Fillers1/mono/STE-037_mono.wav,filler1_A_книга_две_A,1
,,filler1,APN,книга,m,sg,f,pl,Миналата година излязоха,две,преведени от ученика,книга,книги,книги,,B,Миналата година излязоха две преведени от ученика,книга,Fillers1,STE-038_mono.wav,,Fillers1/mono/STE-038_mono.wav,filler1_APN_книга_две_B,3
,,filler1,APAdvAN,книга,m,sg,f,pl,Миналата година излязоха,две,преведени от много ученолюбивия ученик,книга,книги,книги,,C,Миналата година излязоха две преведени от много ученолюбивия ученик,книга,Fillers1,STE-039_mono.wav,,Fillers1/mono/STE-039_mono.wav,filler1_APAdvAN_книга_две_C,5
,,filler1,A,майстор,m,sg,f,pl,По пътя се движеха,три,поправени,кола,коли,коли,,C,По пътя се движеха три поправени,кола,Fillers1,STE-040_mono.wav,,Fillers1/mono/STE-040_mono.wav,filler1_A_кола_три_C,1
,,filler1,APN,майстор,m,sg,f,pl,По пътя се движеха,три,поправени от майстора,кола,коли,коли,,A,По пътя се движеха три поправени от майстора,кола,Fillers1,STE-041_mono.wav,,Fillers1/mono/STE-041_mono.wav,filler1_APN_кола_три_A,3
,,filler1,APAdvAN,майстор,m,sg,f,pl,По пътя се движеха,три,поправени от много сръчния майстор,кола,коли,коли,,B,По пътя се движеха три поправени от много сръчния майстор,кола,Fillers1,STE-042_mono.wav,,Fillers1/mono/STE-042_mono.wav,filler1_APAdvAN_кола_три_B,5
,,filler1,A,бракониер,m,sg,f,pl,През нощта горяха,четири,подпалени,гора,гори,гори,,B,През нощта горяха четири подпалени,гора,Fillers1,STE-043_mono.wav,,Fillers1/mono/STE-043_mono.wav,filler1_A_гора_четири_B,1
,,filler1,APN,бракониер,m,sg,f,pl,През нощта горяха,четири,подпалени от бракониера,гора,гори,гори,,C,През нощта горяха четири подпалени от бракониера,гора,Fillers1,STE-044_mono.wav,,Fillers1/mono/STE-044_mono.wav,filler1_APN_гора_четири_C,3
,,filler1,APAdvAN,бракониер,m,sg,f,pl,През нощта горяха,четири,подпалени от много опасния бракониер,гора,гори,гори,,A,През нощта горяха четири подпалени от много опасния бракониер,гора,Fillers1,STE-045_mono.wav,,Fillers1/mono/STE-045_mono.wav,filler1_APAdvAN_гора_четири_A,5
,,filler1,A,камион,m,sg,f,pl,Вчера пристигнаха,пет,превозени,доставка,доставки,доставки,,A,Вчера пристигнаха пет превозени,доставка,Fillers1,STE-046_mono.wav,,Fillers1/mono/STE-046_mono.wav,filler1_A_доставка_пет_A,1
,,filler1,APN,камион,m,sg,f,pl,Вчера пристигнаха,пет,превозени с камиона,доставка,доставки,доставки,,B,Вчера пристигнаха пет превозени с камиона,доставка,Fillers1,STE-047_mono.wav,,Fillers1/mono/STE-047_mono.wav,filler1_APN_доставка_пет_B,3
,,filler1,APAdvAN,камион,m,sg,f,pl,Вчера пристигнаха,пет,превозени с много големия камион,доставка,доставки,доставки,,C,Вчера пристигнаха пет превозени с много големия камион,доставка,Fillers1,STE-048_mono.wav,,Fillers1/mono/STE-048_mono.wav,filler1_APAdvAN_доставка_пет_C,5
,,filler1,A,певец,m,sg,f,pl,В залата прозвучаха,шест,изпeти,песен,песни,песни,,C,В залата прозвучаха шест изпeти,песен,Fillers1,STE-049_mono.wav,,Fillers1/mono/STE-049_mono.wav,filler1_A_песен_шест_C,1
,,filler1,APN,певец,m,sg,f,pl,В залата прозвучаха,шест,изпeти от певеца,песен,песни,песни,,A,В залата прозвучаха шест изпeти от певеца,песен,Fillers1,STE-050_mono.wav,,Fillers1/mono/STE-050_mono.wav,filler1_APN_песен_шест_A,3
,,filler1,APAdvAN,певец,m,sg,f,pl,В залата прозвучаха,шест,изпeти от много известния певец,песен,песни,песни,,B,В залата прозвучаха шест изпeти от много известния певец,песен,Fillers1,STE-051_mono.wav,,Fillers1/mono/STE-051_mono.wav,filler1_APAdvAN_песен_шест_B,5
,,filler1,A,сняг,m,sg,f,pl,Пред вратата бяха оставени,седем,пълни,кофа,кофи,кофи,,B,Пред вратата бяха оставени седем пълни,кофа,Fillers1,STE-052_mono.wav,,Fillers1/mono/STE-052_mono.wav,filler1_A_кофа_седем_B,1
,,filler1,APN,сняг,m,sg,f,pl,Пред вратата бяха оставени,седем,пълни със сняг,кофа,кофи,кофи,,C,Пред вратата бяха оставени седем пълни със сняг,кофа,Fillers1,STE-053_mono.wav,,Fillers1/mono/STE-053_mono.wav,filler1_APN_кофа_седем_C,3
,,filler1,APAdvAN,сняг,m,sg,f,pl,Пред вратата бяха оставени,седем,пълни с много ситен сняг,кофа,кофи,кофи,,A,Пред вратата бяха оставени седем пълни с много ситен сняг,кофа,Fillers1,STE-054_mono.wav,,Fillers1/mono/STE-054_mono.wav,filler1_APAdvAN_кофа_седем_A,5
,,filler1,A,студент,m,sg,f,pl,На масата бяха подредени,две,оцветени брошури,брошура,брошури,брошури,,A,На масата бяха подредени две оцветени брошури,брошура,Fillers1,STE-055_mono.wav,,Fillers1/mono/STE-055_mono.wav,filler1_A_брошура_две_A,2
,,filler1,APN,студент,m,sg,f,pl,На масата бяха подредени,две,оцветени от студента,брошура,брошури,брошури,,B,На масата бяха подредени две оцветени от студента,брошура,Fillers1,STE-056_mono.wav,,Fillers1/mono/STE-056_mono.wav,filler1_APN_брошура_две_B,3
,,filler1,APAdvAN,студент,m,sg,f,pl,На масата бяха подредени,две,оцветени от много умния студент,брошура,брошури,брошури,,C,На масата бяха подредени две оцветени от много умния студент,брошура,Fillers1,STE-057_mono.wav,,Fillers1/mono/STE-057_mono.wav,filler1_APAdvAN_брошура_две_C,5
,,filler1,A,удар,m,sg,f,pl,На земята проблясваха,три,счупени,чаша,чаши,чаши,,C,На земята проблясваха три счупени,чаша,Fillers1,STE-058_mono.wav,,Fillers1/mono/STE-058_mono.wav,filler1_A_чаша_три_C,1
,,filler1,APN,удар,m,sg,f,pl,На земята проблясваха,три,счупени след удара,чаша,чаши,чаши,,A,На земята проблясваха три счупени след удара,чаша,Fillers1,STE-059_mono.wav,,Fillers1/mono/STE-059_mono.wav,filler1_APN_чаша_три_A,3
,,filler1,APAdvAN,удар,m,sg,f,pl,На земята проблясваха,три,счупени след много силния удар,чаша,чаши,чаши,,B,На земята проблясваха три счупени след много силния удар,чаша,Fillers1,STE-060_mono.wav,,Fillers1/mono/STE-060_mono.wav,filler1_APAdvAN_чаша_три_B,5
,,filler1,A,коняк,m,sg,f,pl,В барчето бяха сложени,четири,пълни,бутилка,бутилки,бутилки,,B,В барчето бяха сложени четири пълни,бутилка,Fillers1,STE-061_mono.wav,,Fillers1/mono/STE-061_mono.wav,filler1_A_бутилка_четири_B,1
,,filler1,APN,коняк,m,sg,f,pl,В барчето бяха сложени,четири,пълни с коняк,бутилка,бутилки,бутилки,,C,В барчето бяха сложени четири пълни с коняк,бутилка,Fillers1,STE-062_mono.wav,,Fillers1/mono/STE-062_mono.wav,filler1_APN_бутилка_четири_C,3
,,filler1,APAdvAN,коняк,m,sg,f,pl,В барчето бяха сложени,четири,пълни с много силен коняк,бутилка,бутилки,бутилки,,A,В барчето бяха сложени четири пълни с много силен коняк,бутилка,Fillers1,STE-063_mono.wav,,Fillers1/mono/STE-063_mono.wav,filler1_APAdvAN_бутилка_четири_A,5
,,filler1,A,език,m,sg,f,pl,Подготвяха се за печат,пет,написани,новела,новели,новели,,A,Подготвяха се за печат пет написани,новела,Fillers1,STE-064_mono.wav,,Fillers1/mono/STE-064_mono.wav,filler1_A_новела_пет_A,1
,,filler1,APN,език,m,sg,f,pl,Подготвяха се за печат,пет,написани от автора,новела,новели,новели,,B,Подготвяха се за печат пет написани от автора,новела,Fillers1,STE-065_mono.wav,,Fillers1/mono/STE-065_mono.wav,filler1_APN_новела_пет_B,3
,,filler1,APAdvAN,език,m,sg,f,pl,Подготвяха се за печат,пет,написани от много известния автор,новела,новели,новели,,C,Подготвяха се за печат пет написани от много известния автор,новела,Fillers1,STE-066_mono.wav,,Fillers1/mono/STE-066_mono.wav,filler1_APAdvAN_новела_пет_C,5
,,filler1,A,шеф,m,sg,f,pl,На комисията се оплакаха,шест,тормозени,служителка,служителки,служителки,,C,На комисията се оплакаха шест тормозени,служителка,Fillers1,STE-067_mono.wav,,Fillers1/mono/STE-067_mono.wav,filler1_A_служителка_шест_C,1
,,filler1,APN,шеф,m,sg,f,pl,На комисията се оплакаха,шест,тормозени от шефа,служителка,служителки,служителки,,A,На комисията се оплакаха шест тормозени от шефа,служителка,Fillers1,STE-068_mono.wav,,Fillers1/mono/STE-068_mono.wav,filler1_APN_служителка_шест_A,3
,,filler1,APAdvAN,шеф,m,sg,f,pl,На комисията се оплакаха,шест,тормозени от много лошия шеф,служителка,служителки,служителки,,B,На комисията се оплакаха шест тормозени от много лошия шеф,служителка,Fillers1,STE-069_mono.wav,,Fillers1/mono/STE-069_mono.wav,filler1_APAdvAN_служителка_шест_B,5
,,filler1,A,анкета,m,sg,f,pl,В списанието бяха публикувани,седем,попълнени,анкета,анкети,анкети,,B,В списанието бяха публикувани седем попълнени,анкета,Fillers1,STE-070_mono.wav,,Fillers1/mono/STE-070_mono.wav,filler1_A_анкета_седем_B,1
,,filler1,APN,анкета,m,sg,f,pl,В списанието бяха публикувани,седем,попълнени от клиента,анкета,анкети,анкети,,C,В списанието бяха публикувани седем попълнени от клиента,анкета,Fillers1,STE-071_mono.wav,,Fillers1/mono/STE-071_mono.wav,filler1_APN_анкета_седем_C,3
,,filler1,APAdvAN,анкета,m,sg,f,pl,В списанието бяха публикувани,седем,попълнени от много доволния клиент,анкета,анкети,анкети,,A,В списанието бяха публикувани седем попълнени от много доволния клиент,анкета,Fillers1,STE-072_mono.wav,,Fillers1/mono/STE-072_mono.wav,filler1_APAdvAN_анкета_седем_A,5
,,filler2,A,трактор,m,sg,m,pl,Зад хълма се намираха,,обработени,терен,терени,терена,,A,Зад хълма се намираха обработени,терен,Fillers2,STE-067_mono.wav,,Fillers2/mono/STE-067_mono.wav,filler2_A_терен__A,1
,,filler2,APN,трактор,m,sg,m,pl,Зад хълма се намираха,,обработени от трактора,терен,терени,терена,,B,Зад хълма се намираха обработени от трактора,терен,Fillers2,STE-068_mono.wav,,Fillers2/mono/STE-068_mono.wav,filler2_APN_терен__B,3
,,filler2,APAdvAN,трактор,m,sg,m,pl,Зад хълма се намираха,,обработени от много големия трактор,терен,терени,терена,,C,Зад хълма се намираха обработени от много големия трактор,терен,Fillers2,STE-069_mono.wav,,Fillers2/mono/STE-069_mono.wav,filler2_APAdvAN_терен__C,5
,,filler2,A,камък,m,sg,m,pl,Снощи бяха поправени,,счупените,креват,кревати,кревата,,C,Снощи бяха поправени счупените,креват,Fillers2,STE-070_mono.wav,,Fillers2/mono/STE-070_mono.wav,filler2_A_креват__C,1
,,filler2,APN,камък,m,sg,m,pl,Снощи бяха поправени,,счупените с камъка,креват,кревати,кревата,,A,Снощи бяха поправени счупените с камъка,креват,Fillers2,STE-071_mono.wav,,Fillers2/mono/STE-071_mono.wav,filler2_APN_креват__A,3
,,filler2,APAdvAN,камък,m,sg,m,pl,Снощи бяха поправени,,счупените с много големия камък,креват,кревати,кревата,,B,Снощи бяха поправени счупените с много големия камък,креват,Fillers2,STE-072_mono.wav,,Fillers2/mono/STE-072_mono.wav,filler2_APAdvAN_креват__B,5
,,filler2,A,молив,m,sg,m,pl,На листа личаха,,нарисуваните,войник,войници,войника,,B,На листа личаха нарисуваните,войник,Fillers2,STE-001_mono.wav,,Fillers2/mono/STE-001_mono.wav,filler2_A_войник__B,1
,,filler2,APN,молив,m,sg,m,pl,На листа личаха,,нарисуваните с моливa,войник,войници,войника,,C,На листа личаха нарисуваните с моливa,войник,Fillers2,STE-002_mono.wav,,Fillers2/mono/STE-002_mono.wav,filler2_APN_войник__C,3
,,filler2,APAdvAN,молив,m,sg,m,pl,На листа личаха,,нарисуваните с много малкия молив,войник,войници,войника,,A,На листа личаха нарисуваните с много малкия молив,войник,Fillers2,STE-003_mono.wav,,Fillers2/mono/STE-003_mono.wav,filler2_APAdvAN_войник__A,5
,,filler2,A,нож,m,sg,m,pl,В хладилника бяха сложени,,нарязани,домат,домати,домата,,A,В хладилника бяха сложени нарязани,домат,Fillers2,STE-004_mono.wav,,Fillers2/mono/STE-004_mono.wav,filler2_A_домат__A,1
,,filler2,APN,нож,m,sg,m,pl,В хладилника бяха сложени,,нарязани с ножа,домат,домати,домата,,B,В хладилника бяха сложени нарязани с ножа,домат,Fillers2,STE-005_mono.wav,,Fillers2/mono/STE-005_mono.wav,filler2_APN_домат__B,3
,,filler2,APAdvAN,нож,m,sg,m,pl,В хладилника бяха сложени,,нарязани с много острия нож,домат,домати,домата,,C,В хладилника бяха сложени нарязани с много острия нож,домат,Fillers2,STE-006_mono.wav,,Fillers2/mono/STE-006_mono.wav,filler2_APAdvAN_домат__C,5
,,filler2,A,дървар,m,sg,m,pl,В гората се виждаха,,отсечените,орех,орехи,ореха,,C,В гората се виждаха отсечените,орех,Fillers2,STE-007_mono.wav,,Fillers2/mono/STE-007_mono.wav,filler2_A_орех__C,1
,,filler2,APN,дървар,m,sg,m,pl,В гората се виждаха,,отсечените от дърваря,орех,орехи,ореха,,A,В гората се виждаха отсечените от дърваря,орех,Fillers2,STE-008_mono.wav,,Fillers2/mono/STE-008_mono.wav,filler2_APN_орех__A,3
,,filler2,APAdvAN,дървар,m,sg,m,pl,В гората се виждаха,,отсечените от много стария дървар,орех,орехи,ореха,,B,В гората се виждаха отсечените от много стария дървар,орех,Fillers2,STE-009_mono.wav,,Fillers2/mono/STE-009_mono.wav,filler2_APAdvAN_орех__B,5
,,filler2,A,химикал,m,sg,m,pl,На конференцията се обсъждаха,,замърсените,язовир,язовири,язовира,,B,На конференцията се обсъждаха замърсените,язовир,Fillers2,STE-010_mono.wav,,Fillers2/mono/STE-010_mono.wav,filler2_A_язовир__B,1
,,filler2,APN,химикал,m,sg,m,pl,На конференцията се обсъждаха,,замърсените с химикал,язовир,язовири,язовира,,C,На конференцията се обсъждаха замърсените с химикал,язовир,Fillers2,STE-011_mono.wav,,Fillers2/mono/STE-011_mono.wav,filler2_APN_язовир__C,3
,,filler2,APAdvAN,химикал,m,sg,m,pl,На конференцията се обсъждаха,,замърсените с много опасен химикал,язовир,язовири,язовира,,A,На конференцията се обсъждаха замърсените с много опасен химикал,язовир,Fillers2,STE-012_mono.wav,,Fillers2/mono/STE-012_mono.wav,filler2_APAdvAN_язовир__A,5
,,filler2,A,турист,m,sg,m,pl,На снимката се открояваха,,новоизградените,курорт,курорти,курорта,,A,На снимката се открояваха новоизградените,курорт,Fillers2,STE-013_mono.wav,,Fillers2/mono/STE-013_mono.wav,filler2_A_курорт__A,1
,,filler2,APN,турист,m,sg,m,pl,На снимката се открояваха,,новоизградените от предприемача,курорт,курорти,курорта,,B,На снимката се открояваха новоизградените от предприемача,курорт,Fillers2,STE-014_mono.wav,,Fillers2/mono/STE-014_mono.wav,filler2_APN_курорт__B,3
,,filler2,APAdvAN,турист,m,sg,m,pl,На снимката се открояваха,,новоизградените от много богатия предприемач,курорт,курорти,курорта,,C,На снимката се открояваха новоизградените от много богатия предприемач,курорт,Fillers2,STE-015_mono.wav,,Fillers2/mono/STE-015_mono.wav,filler2_APAdvAN_курорт__C,5
,,filler2,A,препарат,m,sg,m,pl,В гардероба бяха закачени,,почистените,пуловер,пуловери,пуловера,,C,В гардероба бяха закачени почистените,пуловер,Fillers2,STE-016_mono.wav,,Fillers2/mono/STE-016_mono.wav,filler2_A_пуловер__C,1
,,filler2,APN,препарат,m,sg,m,pl,В гардероба бяха закачени,,почистените с препарат,пуловер,пуловери,пуловера,,A,В гардероба бяха закачени почистените с препарат,пуловер,Fillers2,STE-017_mono.wav,,Fillers2/mono/STE-017_mono.wav,filler2_APN_пуловер__A,3
,,filler2,APAdvAN,препарат,m,sg,m,pl,В гардероба бяха закачени,,почистените с много силен препарат,пуловер,пуловери,пуловера,,B,В гардероба бяха закачени почистените с много силен препарат,пуловер,Fillers2,STE-018_mono.wav,,Fillers2/mono/STE-018_mono.wav,filler2_APAdvAN_пуловер__B,5
,,filler2,A,учител,m,sg,m,pl,В ъгъла стояха,,наказаните,ученик,ученици,ученика,,B,В ъгъла стояха наказаните,ученик,Fillers2,STE-019_mono.wav,,Fillers2/mono/STE-019_mono.wav,filler2_A_ученик__B,1
,,filler2,APN,учител,m,sg,m,pl,В ъгъла стояха,,наказаните от учителя,ученик,ученици,ученика,,C,В ъгъла стояха наказаните от учителя,ученик,Fillers2,STE-020_mono.wav,,Fillers2/mono/STE-020_mono.wav,filler2_APN_ученик__C,3
,,filler2,APAdvAN,учител,m,sg,m,pl,В ъгъла стояха,,наказаните от много строгия учител,ученик,ученици,ученика,,A,В ъгъла стояха наказаните от много строгия учител,ученик,Fillers2,STE-021_mono.wav,,Fillers2/mono/STE-021_mono.wav,filler2_APAdvAN_ученик__A,5
,,filler2,A,психолог,m,sg,m,pl,На стола си почиваха,,консултираните,учител,учители,учителя,,A,На стола си почиваха консултираните,учител,Fillers2,STE-022_mono.wav,,Fillers2/mono/STE-022_mono.wav,filler2_A_учител__A,1
,,filler2,APN,психолог,m,sg,m,pl,На стола си почиваха,,консултираните от психолога,учител,учители,учителя,,B,На стола си почиваха консултираните от психолога,учител,Fillers2,STE-023_mono.wav,,Fillers2/mono/STE-023_mono.wav,filler2_APN_учител__B,3
,,filler2,APAdvAN,психолог,m,sg,m,pl,На стола си почиваха,,консултираните от много опитния психолог,учител,учители,учителя,,C,На стола си почиваха консултираните от много опитния психолог,учител,Fillers2,STE-024_mono.wav,,Fillers2/mono/STE-024_mono.wav,filler2_APAdvAN_учител__C,5
,,filler2,A,редактор,m,sg,m,pl,Лесно се четяха,,редактираните,роман,романи,романа,,C,Лесно се четяха редактираните,роман,Fillers2,STE-025_mono.wav,,Fillers2/mono/STE-025_mono.wav,filler2_A_роман__C,1
,,filler2,APN,редактор,m,sg,m,pl,Лесно се четяха,,редактираните от редактора,роман,романи,романа,,A,Лесно се четяха редактираните от редактора,роман,Fillers2,STE-026_mono.wav,,Fillers2/mono/STE-026_mono.wav,filler2_APN_роман__A,3
,,filler2,APAdvAN,редактор,m,sg,m,pl,Лесно се четяха,,редактираните от много внимателния редактор,роман,романи,романа,,B,Лесно се четяха редактираните от много внимателния редактор,роман,Fillers2,STE-027_mono.wav,,Fillers2/mono/STE-027_mono.wav,filler2_APAdvAN_роман__B,5
,,filler2,A,тир,m,sg,m,pl,В полицията бяха идентифицирани,,превозените,емигрант,емигранти,емигранта,,B,В полицията бяха идентифицирани превозените,емигрант,Fillers2,STE-028_mono.wav,,Fillers2/mono/STE-028_mono.wav,filler2_A_емигрант__B,1
,,filler2,APN,тир,m,sg,m,pl,В полицията бяха идентифицирани,,превозените в тира,емигрант,емигранти,емигранта,,C,В полицията бяха идентифицирани превозените в тира,емигрант,Fillers2,STE-029_mono.wav,,Fillers2/mono/STE-029_mono.wav,filler2_APN_емигрант__C,3
,,filler2,APAdvAN,тир,m,sg,m,pl,В полицията бяха идентифицирани,,превозените в много големия тир,емигрант,емигранти,емигранта,,A,В полицията бяха идентифицирани превозените в много големия тир,емигрант,Fillers2,STE-030_mono.wav,,Fillers2/mono/STE-030_mono.wav,filler2_APAdvAN_емигрант__A,5
,,filler2,A,дама,f,sg,m,pl,От кутията се показваха,,съхраняваните,гирлянд,гирлянди,гирлянда,,A,От кутията се показваха съхраняваните,гирлянд,Fillers2,STE-031_mono.wav,,Fillers2/mono/STE-031_mono.wav,filler2_A_гирлянд__A,1
,,filler2,APN,дама,f,sg,m,pl,От кутията се показваха,,съхраняваните от дамата,гирлянд,гирлянди,гирлянда,,B,От кутията се показваха съхраняваните от дамата,гирлянд,Fillers2,STE-032_mono.wav,,Fillers2/mono/STE-032_mono.wav,filler2_APN_гирлянд__B,3
,,filler2,APAdvAN,дама,f,sg,m,pl,От кутията се показваха,,съхраняваните от много младата дама,гирлянд,гирлянди,гирлянда,,C,От кутията се показваха съхраняваните от много младата дама,гирлянд,Fillers2,STE-033_mono.wav,,Fillers2/mono/STE-033_mono.wav,filler2_APAdvAN_гирлянд__C,5
,,filler2,A,компания,f,sg,m,pl,В аптеката се продаваха,,рекламираните,крем,кремове,крема,,C,В аптеката се продаваха рекламираните,крем,Fillers2,STE-034_mono.wav,,Fillers2/mono/STE-034_mono.wav,filler2_A_крем__C,1
,,filler2,APN,компания,f,sg,m,pl,В аптеката се продаваха,,рекламираните от компанията,крем,кремове,крема,,A,В аптеката се продаваха рекламираните от компанията,крем,Fillers2,STE-035_mono.wav,,Fillers2/mono/STE-035_mono.wav,filler2_APN_крем__A,3
,,filler2,APAdvAN,компания,f,sg,m,pl,В аптеката се продаваха,,рекламираните от много известната компания,крем,кремове,крема,,B,В аптеката се продаваха рекламираните от много известната компания,крем,Fillers2,STE-036_mono.wav,,Fillers2/mono/STE-036_mono.wav,filler2_APAdvAN_крем__B,5
,,filler2,A,река,f,sg,m,pl,След обяд бяха намерени,,хвърлените,камък,камъни,камъка,,B,След обяд бяха намерени хвърлените,камък,Fillers2,STE-037_mono.wav,,Fillers2/mono/STE-037_mono.wav,filler2_A_камък__B,1
,,filler2,APN,река,f,sg,m,pl,След обяд бяха намерени,,хвърлените в реката,камък,камъни,камъка,,C,След обяд бяха намерени хвърлените в реката,камък,Fillers2,STE-038_mono.wav,,Fillers2/mono/STE-038_mono.wav,filler2_APN_камък__C,3
,,filler2,APAdvAN,река,f,sg,m,pl,След обяд бяха намерени,,хвърлените в много голямата река,камък,камъни,камъка,,A,След обяд бяха намерени хвърлените в много голямата река,камък,Fillers2,STE-039_mono.wav,,Fillers2/mono/STE-039_mono.wav,filler2_APAdvAN_камък__A,5
,,filler2,A,среща,f,sg,m,pl,Във вестника бяха публикувани,,приетите,документ,документи,документа,,A,Във вестника бяха публикувани приетите,документ,Fillers2,STE-040_mono.wav,,Fillers2/mono/STE-040_mono.wav,filler2_A_документ__A,1
,,filler2,APN,среща,f,sg,m,pl,Във вестника бяха публикувани,,приетите след срещата,документ,документи,документа,,B,Във вестника бяха публикувани приетите след срещата,документ,Fillers2,STE-041_mono.wav,,Fillers2/mono/STE-041_mono.wav,filler2_APN_документ__B,3
,,filler2,APAdvAN,среща,f,sg,m,pl,Във вестника бяха публикувани,,приетите след много късната среща,документ,документи,документа,,C,Във вестника бяха публикувани приетите след много късната среща,документ,Fillers2,STE-042_mono.wav,,Fillers2/mono/STE-042_mono.wav,filler2_APAdvAN_документ__C,5
,,filler2,A,девойка,f,sg,m,pl,От градината бяха откъснати,,засадените,карамфил,карамфили,карамфила,,C,От градината бяха откъснати засадените,карамфил,Fillers2,STE-043_mono.wav,,Fillers2/mono/STE-043_mono.wav,filler2_A_карамфил__C,1
,,filler2,APN,девойка,f,sg,m,pl,От градината бяха откъснати,,засадените от девойката,карамфил,карамфили,карамфила,,A,От градината бяха откъснати засадените от девойката,карамфил,Fillers2,STE-044_mono.wav,,Fillers2/mono/STE-044_mono.wav,filler2_APN_карамфил__A,3
,,filler2,APAdvAN,девойка,f,sg,m,pl,От градината бяха откъснати,,засадените от много красивата девойка,карамфил,карамфили,карамфила,,B,От градината бяха откъснати засадените от много красивата девойка,карамфил,Fillers2,STE-045_mono.wav,,Fillers2/mono/STE-045_mono.wav,filler2_APAdvAN_карамфил__B,5
,,filler2,A,фермерка,f,sg,m,pl,Във фермата живееха,,отгледаните,овен,овни,овена,овени,B,Във фермата живееха отгледаните,овен,Fillers2,STE-046_mono.wav,,Fillers2/mono/STE-046_mono.wav,filler2_A_овен__B,1
,,filler2,APN,фермерка,f,sg,m,pl,Във фермата живееха,,отгледаните от фермерката,овен,овни,овена,,C,Във фермата живееха отгледаните от фермерката,овен,Fillers2,STE-047_mono.wav,,Fillers2/mono/STE-047_mono.wav,filler2_APN_овен__C,3
,,filler2,APAdvAN,фермерка,f,sg,m,pl,Във фермата живееха,,отгледаните от много старата фермерка,овен,овни,овена,,A,Във фермата живееха отгледаните от много старата фермерка,овен,Fillers2,STE-048_mono.wav,,Fillers2/mono/STE-048_mono.wav,filler2_APAdvAN_овен__A,5
,,filler2,A,шивачка,f,sg,m,pl,Бързо се купуваха,,разкроените,панталон,панталони,панталона,,A,Бързо се купуваха разкроените,панталон,Fillers2,STE-049_mono.wav,,Fillers2/mono/STE-049_mono.wav,filler2_A_панталон__A,1
,,filler2,APN,шивачка,f,sg,m,pl,Бързо се купуваха,,разкроените от шивачката,панталон,панталони,панталона,,B,Бързо се купуваха разкроените от шивачката,панталон,Fillers2,STE-050_mono.wav,,Fillers2/mono/STE-050_mono.wav,filler2_APN_панталон__B,3
,,filler2,APAdvAN,шивачка,f,sg,m,pl,Бързо се купуваха,,разкроените от много опитната шивачка,панталон,панталони,панталона,,C,Бързо се купуваха разкроените от много опитната шивачка,панталон,Fillers2,STE-051_mono.wav,,Fillers2/mono/STE-051_mono.wav,filler2_APAdvAN_панталон__C,5
,,filler2,A,домакиня,f,sg,m,pl,Тази сутрин бяха подредени,,почистените,гардероб,гардероби,гардероба,,C,Тази сутрин бяха подредени почистените,гардероб,Fillers2,STE-052_mono.wav,,Fillers2/mono/STE-052_mono.wav,filler2_A_гардероб__C,1
,,filler2,APN,домакиня,f,sg,m,pl,Тази сутрин бяха подредени,,почистените от домакинята,гардероб,гардероби,гардероба,,A,Тази сутрин бяха подредени почистените от домакинята,гардероб,Fillers2,STE-053_mono.wav,,Fillers2/mono/STE-053_mono.wav,filler2_APN_гардероб__A,3
,,filler2,APAdvAN,домакиня,f,sg,m,pl,Тази сутрин бяха подредени,,почистените от много добрата домакиня,гардероб,гардероби,гардероба,,B,Тази сутрин бяха подредени почистените от много добрата домакиня,гардероб,Fillers2,STE-054_mono.wav,,Fillers2/mono/STE-054_mono.wav,filler2_APAdvAN_гардероб__B,5
,,filler2,A,фирма,f,sg,m,pl,На стената висяха,,дарените портрети,портрет,портрети,портрета,,B,На стената висяха дарените портрети,портрет,Fillers2,STE-055_mono.wav,,Fillers2/mono/STE-055_mono.wav,filler2_A_портрет__B,2
,,filler2,APN,фирма,f,sg,m,pl,На стената висяха,,дарените от фирмата,портрет,портрети,портрета,,C,На стената висяха дарените от фирмата,портрет,Fillers2,STE-056_mono.wav,,Fillers2/mono/STE-056_mono.wav,filler2_APN_портрет__C,3
,,filler2,APAdvAN,фирма,f,sg,m,pl,На стената висяха,,дарените от много известната фирма,портрет,портрети,портрета,,A,На стената висяха дарените от много известната фирма,портрет,Fillers2,STE-057_mono.wav,,Fillers2/mono/STE-057_mono.wav,filler2_APAdvAN_портрет__A,5
,,filler2,A,мома,f,sg,m,pl,На площада се развяваха,,ушитите,байрак,байраци,байрака,,A,На площада се развяваха ушитите,байрак,Fillers2,STE-058_mono.wav,,Fillers2/mono/STE-058_mono.wav,filler2_A_байрак__A,1
,,filler2,APN,мома,f,sg,m,pl,На площада се развяваха,,ушитите от вдовицата,байрак,байраци,байрака,,B,На площада се развяваха ушитите от вдовицата,байрак,Fillers2,STE-059_mono.wav,,Fillers2/mono/STE-059_mono.wav,filler2_APN_байрак__B,3
,,filler2,APAdvAN,мома,f,sg,m,pl,На площада се развяваха,,ушитите от много смелата вдовица,байрак,байраци,байрака,,C,На площада се развяваха ушитите от много смелата вдовица,байрак,Fillers2,STE-060_mono.wav,,Fillers2/mono/STE-060_mono.wav,filler2_APAdvAN_байрак__C,5
,,filler2,A,стопанка,f,sg,m,pl,На дивана лежаха,,обучените,далматинец,далматинци,далматинеца,,C,На дивана лежаха обучените,далматинец,Fillers2,STE-061_mono.wav,,Fillers2/mono/STE-061_mono.wav,filler2_A_далматинец__C,1
,,filler2,APN,стопанка,f,sg,m,pl,На дивана лежаха,,обучените от стопанката,далматинец,далматинци,далматинеца,,A,На дивана лежаха обучените от стопанката,далматинец,Fillers2,STE-062_mono.wav,,Fillers2/mono/STE-062_mono.wav,filler2_APN_далматинец__A,3
,,filler2,APAdvAN,стопанка,f,sg,m,pl,На дивана лежаха,,обучените от много добрата стопанка,далматинец,далматинци,далматинеца,,B,На дивана лежаха обучените от много добрата стопанка,далматинец,Fillers2,STE-063_mono.wav,,Fillers2/mono/STE-063_mono.wav,filler2_APAdvAN_далматинец__B,5
,,filler2,A,реставраторка,f,sg,m,pl,Преди дни бяха отворени,,реставрираните,дворец,дворци,двореца,,B,Преди дни бяха отворени реставрираните,дворец,Fillers2,STE-064_mono.wav,,Fillers2/mono/STE-064_mono.wav,filler2_A_дворец__B,1
,,filler2,APN,реставраторка,f,sg,m,pl,Преди дни бяха отворени,,реставрираните от реставраторката,дворец,дворци,двореца,,C,Преди дни бяха отворени реставрираните от реставраторката,дворец,Fillers2,STE-065_mono.wav,,Fillers2/mono/STE-065_mono.wav,filler2_APN_дворец__C,3
,,filler2,APAdvAN,реставраторка,f,sg,m,pl,Преди дни бяха отворени,,реставрираните от много известната реставраторка,дворец,дворци,двореца,,A,Преди дни бяха отворени реставрираните от много известната реставраторка,дворец,Fillers2,STE-066_mono.wav,,Fillers2/mono/STE-066_mono.wav,filler2_APAdvAN_дворец__A,5
,,filler3,A,дъжд,m,sg,f,pl,В пералнята се перяха,,намокрените,рокля,рокли,рокли,,A,В пералнята се перяха намокрените,рокля,Fillers3,STE-001_mono.wav,,Fillers3/mono/STE-001_mono.wav,filler3_A_рокля__A,1
,,filler3,APN,дъжд,m,sg,f,pl,В пералнята се перяха,,намокрените от дъжда,рокля,рокли,рокли,,B,В пералнята се перяха намокрените от дъжда,рокля,Fillers3,STE-002_mono.wav,,Fillers3/mono/STE-002_mono.wav,filler3_APN_рокля__B,3
,,filler3,APAdvAN,дъжд,m,sg,f,pl,В пералнята се перяха,,намокрените от много силния дъжд,рокля,рокли,рокли,,C,В пералнята се перяха намокрените от много силния дъжд,рокля,Fillers3,STE-003_mono.wav,,Fillers3/mono/STE-003_mono.wav,filler3_APAdvAN_рокля__C,5
,,filler3,A,фотоапарат,m,sg,f,pl,От чекмеджето се подаваха,,направените,снимка,снимки,снимки,,C,От чекмеджето се подаваха направените,снимка,Fillers3,STE-004_mono.wav,,Fillers3/mono/STE-004_mono.wav,filler3_A_снимка__C,1
,,filler3,APN,фотоапарат,m,sg,f,pl,От чекмеджето се подаваха,,направените с фотоапарата,снимка,снимки,снимки,,A,От чекмеджето се подаваха направените с фотоапарата,снимка,Fillers3,STE-005_mono.wav,,Fillers3/mono/STE-005_mono.wav,filler3_APN_снимка__A,3
,,filler3,APAdvAN,фотоапарат,m,sg,f,pl,От чекмеджето се подаваха,,направените с много скъпия фотоапарат,снимка,снимки,снимки,,B,От чекмеджето се подаваха направените с много скъпия фотоапарат,снимка,Fillers3,STE-006_mono.wav,,Fillers3/mono/STE-006_mono.wav,filler3_APAdvAN_снимка__B,5
,,filler3,A,зоомагазин,m,sg,f,pl,В градината се криеха,,избягалите,котка,котки,котки,,B,В градината се криеха избягалите,котка,Fillers3,STE-007_mono.wav,,Fillers3/mono/STE-007_mono.wav,filler3_A_котка__B,1
,,filler3,APN,зоомагазин,m,sg,f,pl,В градината се криеха,,избягалите от зоомагазина,котка,котки,котки,,C,В градината се криеха избягалите от зоомагазина,котка,Fillers3,STE-008_mono.wav,,Fillers3/mono/STE-008_mono.wav,filler3_APN_котка__C,3
,,filler3,APAdvAN,зоомагазин,m,sg,f,pl,В градината се криеха,,избягалите от много близкия зоомагазин,котка,котки,котки,,A,В градината се криеха избягалите от много близкия зоомагазин,котка,Fillers3,STE-009_mono.wav,,Fillers3/mono/STE-009_mono.wav,filler3_APAdvAN_котка__A,5
,,filler3,A,хладилник,m,sg,f,pl,За вечеря бяха приготвени,,замразените,пъстърва,пъстърви,пъстърви,,A,За вечеря бяха приготвени замразените,пъстърва,Fillers3,STE-010_mono.wav,,Fillers3/mono/STE-010_mono.wav,filler3_A_пъстърва__A,1
,,filler3,APN,хладилник,m,sg,f,pl,За вечеря бяха приготвени,,замразените в хладилника,пъстърва,пъстърви,пъстърви,,B,За вечеря бяха приготвени замразените в хладилника,пъстърва,Fillers3,STE-011_mono.wav,,Fillers3/mono/STE-011_mono.wav,filler3_APN_пъстърва__B,3
,,filler3,APAdvAN,хладилник,m,sg,f,pl,За вечеря бяха приготвени,,замразените в много големия хладилник,пъстърва,пъстърви,пъстърви,,C,За вечеря бяха приготвени замразените в много големия хладилник,пъстърва,Fillers3,STE-012_mono.wav,,Fillers3/mono/STE-012_mono.wav,filler3_APAdvAN_пъстърва__C,5
,,filler3,A,съдия,m,sg,f,pl,В затвора бяха изпратени,,осъдените,терористка,терористки,терористки,,C,В затвора бяха изпратени осъдените,терористка,Fillers3,STE-013_mono.wav,,Fillers3/mono/STE-013_mono.wav,filler3_A_терористка__C,1
,,filler3,APN,съдия,m,sg,f,pl,В затвора бяха изпратени,,осъдените от съдията,терористка,терористки,терористки,,A,В затвора бяха изпратени осъдените от съдията,терористка,Fillers3,STE-014_mono.wav,,Fillers3/mono/STE-014_mono.wav,filler3_APN_терористка__A,3
,,filler3,APAdvAN,съдия,m,sg,f,pl,В затвора бяха изпратени,,осъдените от много строгия съдия,терористка,терористки,терористки,,B,В затвора бяха изпратени осъдените от много строгия съдия,терористка,Fillers3,STE-015_mono.wav,,Fillers3/mono/STE-015_mono.wav,filler3_APAdvAN_терористка__B,5
,,filler3,A,учител,m,sg,f,pl,В учителската стая се обсъждаха,,коригираните,работа,работи,работи,,B,В учителската стая се обсъждаха коригираните,работа,Fillers3,STE-016_mono.wav,,Fillers3/mono/STE-016_mono.wav,filler3_A_работа__B,1
,,filler3,APN,учител,m,sg,f,pl,В учителската стая се обсъждаха,,коригираните от учителя,работа,работи,работи,,C,В учителската стая се обсъждаха коригираните от учителя,работа,Fillers3,STE-017_mono.wav,,Fillers3/mono/STE-017_mono.wav,filler3_APN_работа__C,3
,,filler3,APAdvAN,учител,m,sg,f,pl,В учителската стая се обсъждаха,,коригираните от много добрия учител,работа,работи,работи,,A,В учителската стая се обсъждаха коригираните от много добрия учител,работа,Fillers3,STE-018_mono.wav,,Fillers3/mono/STE-018_mono.wav,filler3_APAdvAN_работа__A,5
,,filler3,A,селянин,m,sg,f,pl,В продължение на километри се простираха,,изораните,нива,ниви,ниви,,A,В продължение на километри се простираха изораните,нива,Fillers3,STE-019_mono.wav,,Fillers3/mono/STE-019_mono.wav,filler3_A_нива__A,1
,,filler3,APN,селянин,m,sg,f,pl,В продължение на километри се простираха,,изораните от селянина,нива,ниви,ниви,,B,В продължение на километри се простираха изораните от селянина,нива,Fillers3,STE-020_mono.wav,,Fillers3/mono/STE-020_mono.wav,filler3_APN_нива__B,3
,,filler3,APAdvAN,селянин,m,sg,f,pl,В продължение на километри се простираха,,изораните от много възрастния селянин,нива,ниви,ниви,,C,В продължение на километри се простираха изораните от много възрастния селянин,нива,Fillers3,STE-021_mono.wav,,Fillers3/mono/STE-021_mono.wav,filler3_APAdvAN_нива__C,5
,,filler3,A,народ,m,sg,f,pl,В селото се спазваха,,характерните,традиция,традиции,традиции,,C,В селото се спазваха характерните,традиция,Fillers3,STE-022_mono.wav,,Fillers3/mono/STE-022_mono.wav,filler3_A_традиция__C,1
,,filler3,APN,народ,m,sg,f,pl,В селото се спазваха,,характерните за народа,традиция,традиции,традиции,,A,В селото се спазваха характерните за народа,традиция,Fillers3,STE-023_mono.wav,,Fillers3/mono/STE-023_mono.wav,filler3_APN_традиция__A,3
,,filler3,APAdvAN,народ,m,sg,f,pl,В селото се спазваха,,характерните за много древния народ,традиция,традиции,традиции,,B,В селото се спазваха характерните за много древния народ,традиция,Fillers3,STE-024_mono.wav,,Fillers3/mono/STE-024_mono.wav,filler3_APAdvAN_традиция__B,5
,,filler3,A,стопанин,m,sg,f,pl,На ливадата пасяха,,обичаните,крава,крави,крави,,B,На ливадата пасяха обичаните,крава,Fillers3,STE-025_mono.wav,,Fillers3/mono/STE-025_mono.wav,filler3_A_крава__B,1
,,filler3,APN,стопанин,m,sg,f,pl,На ливадата пасяха,,обичаните от стопанина,крава,крави,крави,,C,На ливадата пасяха обичаните от стопанина,крава,Fillers3,STE-026_mono.wav,,Fillers3/mono/STE-026_mono.wav,filler3_APN_крава__C,3
,,filler3,APAdvAN,стопанин,m,sg,f,pl,На ливадата пасяха,,обичаните от много милия стопанин,крава,крави,крави,,A,На ливадата пасяха обичаните от много милия стопанин,крава,Fillers3,STE-027_mono.wav,,Fillers3/mono/STE-027_mono.wav,filler3_APAdvAN_крава__A,5
,,filler3,A,регион,m,sg,f,pl,В махалата болните лекуваха,,известните,докторка,докторки,докторки,,A,В махалата болните лекуваха известните,докторка,Fillers3,STE-028_mono.wav,,Fillers3/mono/STE-028_mono.wav,filler3_A_докторка__A,1
,,filler3,APN,регион,m,sg,f,pl,В махалата болните лекуваха,,известните в региона,докторка,докторки,докторки,,B,В махалата болните лекуваха известните в региона,докторка,Fillers3,STE-029_mono.wav,,Fillers3/mono/STE-029_mono.wav,filler3_APN_докторка__B,3
,,filler3,APAdvAN,регион,m,sg,f,pl,В махалата болните лекуваха,,известните в много големия регион,докторка,докторки,докторки,,C,В махалата болните лекуваха известните в много големия регион,докторка,Fillers3,STE-030_mono.wav,,Fillers3/mono/STE-030_mono.wav,filler3_APAdvAN_докторка__C,5
,,filler3,A,моряк,m,sg,f,pl,На небето светеха,,впечатляващите,звезда,звезди,звезди,,C,На небето светеха впечатляващите,звезда,Fillers3,STE-031_mono.wav,,Fillers3/mono/STE-031_mono.wav,filler3_A_звезда__C,1
,,filler3,APN,моряк,m,sg,f,pl,На небето светеха,,впечатляващите моряка,звезда,звезди,звезди,,A,На небето светеха впечатляващите моряка,звезда,Fillers3,STE-032_mono.wav,,Fillers3/mono/STE-032_mono.wav,filler3_APN_звезда__A,2
,,filler3,APAdvAN,моряк,m,sg,f,pl,На небето светеха,,впечатляващите много стария моряк,звезда,звезди,звезди,,B,На небето светеха впечатляващите много стария моряк,звезда,Fillers3,STE-033_mono.wav,,Fillers3/mono/STE-033_mono.wav,filler3_APAdvAN_звезда__B,4
,,filler3,A,вълк,m,sg,f,pl,В болницата чакаха,,ранените,пациентка,пациентки,пациентки,,B,В болницата чакаха ранените,пациентка,Fillers3,STE-034_mono.wav,,Fillers3/mono/STE-034_mono.wav,filler3_A_пациентка__B,1
,,filler3,APN,вълк,m,sg,f,pl,В болницата чакаха,,ранените от вълка,пациентка,пациентки,пациентки,,C,В болницата чакаха ранените от вълка,пациентка,Fillers3,STE-035_mono.wav,,Fillers3/mono/STE-035_mono.wav,filler3_APN_пациентка__C,3
,,filler3,APAdvAN,вълк,m,sg,f,pl,В болницата чакаха,,ранените от много агресивния вълк,пациентка,пациентки,пациентки,,A,В болницата чакаха ранените от много агресивния вълк,пациентка,Fillers3,STE-036_mono.wav,,Fillers3/mono/STE-036_mono.wav,filler3_APAdvAN_пациентка__A,5
,,filler3,A,лято,n,sg,f,pl,Миналия месец рухнаха,,напуканите,скала,скали,скали,,A,Миналия месец рухнаха напуканите,скала,Fillers3,STE-037_mono.wav,,Fillers3/mono/STE-037_mono.wav,filler3_A_скала__A,1
,,filler3,APN,лято,n,sg,f,pl,Миналия месец рухнаха,,напуканите през лятото,скала,скали,скали,,B,Миналия месец рухнаха напуканите през лятото,скала,Fillers3,STE-038_mono.wav,,Fillers3/mono/STE-038_mono.wav,filler3_APN_скала__B,3
,,filler3,APAdvAN,лято,n,sg,f,pl,Миналия месец рухнаха,,напуканите през много горещото лято,скала,скали,скали,,C,Миналия месец рухнаха напуканите през много горещото лято,скала,Fillers3,STE-039_mono.wav,,Fillers3/mono/STE-039_mono.wav,filler3_APAdvAN_скала__C,5
,,filler3,A,старание,n,sg,f,pl,Онази нощ децата радваха,,надписаните,картичка,картички,картички,,C,Онази нощ децата радваха надписаните,картичка,Fillers3,STE-040_mono.wav,,Fillers3/mono/STE-040_mono.wav,filler3_A_картичка__C,1
,,filler3,APN,старание,n,sg,f,pl,Онази нощ децата радваха,,надписаните със старание,картичка,картички,картички,,A,Онази нощ децата радваха надписаните със старание,картичка,Fillers3,STE-041_mono.wav,,Fillers3/mono/STE-041_mono.wav,filler3_APN_картичка__A,3
,,filler3,APAdvAN,старание,n,sg,f,pl,Онази нощ децата радваха,,надписаните с много голямо старание,картичка,картички,картички,,B,Онази нощ децата радваха надписаните с много голямо старание,картичка,Fillers3,STE-042_mono.wav,,Fillers3/mono/STE-042_mono.wav,filler3_APAdvAN_картичка__B,5
,,filler3,A,гърне,n,sg,f,pl,На сутринта се разсипаха,,налетите,течност,течности,течности,,B,На сутринта се разсипаха налетите,течност,Fillers3,STE-043_mono.wav,,Fillers3/mono/STE-043_mono.wav,filler3_A_течност__B,1
,,filler3,APN,гърне,n,sg,f,pl,На сутринта се разсипаха,,налетите в гърнето,течност,течности,течности,,C,На сутринта се разсипаха налетите в гърнето,течност,Fillers3,STE-044_mono.wav,,Fillers3/mono/STE-044_mono.wav,filler3_APN_течност__C,3
,,filler3,APAdvAN,гърне,n,sg,f,pl,На сутринта се разсипаха,,налетите в много голямото гърне,течност,течности,течности,,A,На сутринта се разсипаха налетите в много голямото гърне,течност,Fillers3,STE-045_mono.wav,,Fillers3/mono/STE-045_mono.wav,filler3_APAdvAN_течност__A,5
,,filler3,A,приключение,n,sg,f,pl,В манастира се укриваха,,избягалите,мисионерка,мисионерки,мисионерки,,A,В манастира се укриваха избягалите,мисионерка,Fillers3,STE-046_mono.wav,,Fillers3/mono/STE-046_mono.wav,filler3_A_мисионерка__A,1
,,filler3,APN,приключение,n,sg,f,pl,В манастира се укриваха,,избягалите след приключението,мисионерка,мисионерки,мисионерки,,B,В манастира се укриваха избягалите след приключението,мисионерка,Fillers3,STE-047_mono.wav,,Fillers3/mono/STE-047_mono.wav,filler3_APN_мисионерка__B,3
,,filler3,APAdvAN,приключение,n,sg,f,pl,В манастира се укриваха,,избягалите след много опасното приключение,мисионерка,мисионерки,мисионерки,,C,В манастира се укриваха избягалите след много опасното приключение,мисионерка,Fillers3,STE-048_mono.wav,,Fillers3/mono/STE-048_mono.wav,filler3_APAdvAN_мисионерка__C,5
,,filler3,A,клонче,n,sg,f,pl,На земята паднаха,,висящите,джанка,джанки,джанки,,C,На земята паднаха висящите,джанка,Fillers3,STE-049_mono.wav,,Fillers3/mono/STE-049_mono.wav,filler3_A_джанка__C,1
,,filler3,APN,клонче,n,sg,f,pl,На земята паднаха,,висящите на клончето,джанка,джанки,джанки,,A,На земята паднаха висящите на клончето,джанка,Fillers3,STE-050_mono.wav,,Fillers3/mono/STE-050_mono.wav,filler3_APN_джанка__A,3
,,filler3,APAdvAN,клонче,n,sg,f,pl,На земята паднаха,,висящите на много тънкото клонче,джанка,джанки,джанки,,B,На земята паднаха висящите на много тънкото клонче,джанка,Fillers3,STE-051_mono.wav,,Fillers3/mono/STE-051_mono.wav,filler3_APAdvAN_джанка__B,5
,,filler3,A,безсъние,n,sg,f,pl,Върху проблема работеха,,изморените,специалистка,специалистки,специалистки,,B,Върху проблема работеха изморените,специалистка,Fillers3,STE-052_mono.wav,,Fillers3/mono/STE-052_mono.wav,filler3_A_специалистка__B,1
,,filler3,APN,безсъние,n,sg,f,pl,Върху проблема работеха,,изморените след безсъние,специалистка,специалистки,специалистки,,C,Върху проблема работеха изморените след безсъние,специалистка,Fillers3,STE-053_mono.wav,,Fillers3/mono/STE-053_mono.wav,filler3_APN_специалистка__C,3
,,filler3,APAdvAN,безсъние,n,sg,f,pl,Върху проблема работеха,,изморените след много дълго безсъние,специалистка,специалистки,специалистки,,A,Върху проблема работеха изморените след много дълго безсъние,специалистка,Fillers3,STE-054_mono.wav,,Fillers3/mono/STE-054_mono.wav,filler3_APAdvAN_специалистка__A,5
,,filler3,A,бягане,n,sg,f,pl,Състезанието спечелиха,,изтощените,спринтьорка,спринтьорки,спринтьорки,,A,Състезанието спечелиха изтощените,спринтьорка,Fillers3,STE-055_mono.wav,,Fillers3/mono/STE-055_mono.wav,filler3_A_спринтьорка__A,1
,,filler3,APN,бягане,n,sg,f,pl,Състезанието спечелиха,,изтощените след бягането,спринтьорка,спринтьорки,спринтьорки,,B,Състезанието спечелиха изтощените след бягането,спринтьорка,Fillers3,STE-056_mono.wav,,Fillers3/mono/STE-056_mono.wav,filler3_APN_спринтьорка__B,3
,,filler3,APAdvAN,бягане,n,sg,f,pl,Състезанието спечелиха,,изтощените след много дългото бягане,спринтьорка,спринтьорки,спринтьорки,,C,Състезанието спечелиха изтощените след много дългото бягане,спринтьорка,Fillers3,STE-057_mono.wav,,Fillers3/mono/STE-057_mono.wav,filler3_APAdvAN_спринтьорка__C,5
,,filler3,A,боледуване,n,sg,f,pl,В къщата кръвното си мереха,,отслабналите,госпожа,госпожи,госпожи,,C,В къщата кръвното си мереха отслабналите,госпожа,Fillers3,STE-058_mono.wav,,Fillers3/mono/STE-058_mono.wav,filler3_A_госпожа__C,1
,,filler3,APN,боледуване,n,sg,f,pl,В къщата кръвното си мереха,,отслабналите след боледуването,госпожа,госпожи,госпожи,,A,В къщата кръвното си мереха отслабналите след боледуването,госпожа,Fillers3,STE-059_mono.wav,,Fillers3/mono/STE-059_mono.wav,filler3_APN_госпожа__A,3
,,filler3,APAdvAN,боледуване,n,sg,f,pl,В къщата кръвното си мереха,,отслабналите след много тежкото боледуване,госпожа,госпожи,госпожи,,B,В къщата кръвното си мереха отслабналите след много тежкото боледуване,госпожа,Fillers3,STE-060_mono.wav,,Fillers3/mono/STE-060_mono.wav,filler3_APAdvAN_госпожа__B,5
,,filler3,A,чукче,n,sg,f,pl,Снощи се смениха,,счупените,част,части,части,,B,Снощи се смениха счупените,част,Fillers3,STE-061_mono.wav,,Fillers3/mono/STE-061_mono.wav,filler3_A_част__B,1
,,filler3,APN,чукче,n,sg,f,pl,Снощи се смениха,,счупените с чукчето,част,части,части,,C,Снощи се смениха счупените с чукчето,част,Fillers3,STE-062_mono.wav,,Fillers3/mono/STE-062_mono.wav,filler3_APN_част__C,3
,,filler3,APAdvAN,чукче,n,sg,f,pl,Снощи се смениха,,счупената с много здравото чукче,част,части,части,,A,Снощи се смениха счупената с много здравото чукче,част,Fillers3,STE-063_mono.wav,,Fillers3/mono/STE-063_mono.wav,filler3_APAdvAN_част__A,5
,,filler3,A,хълмче,n,sg,f,pl,През пролетта се раззелениха,,скритите,поляна,поляни,поляни,,A,През пролетта се раззелениха скритите,поляна,Fillers3,STE-064_mono.wav,,Fillers3/mono/STE-064_mono.wav,filler3_A_поляна__A,1
,,filler3,APN,хълмче,n,sg,f,pl,През пролетта се раззелениха,,скритите зад хълмчето,поляна,поляни,поляни,,B,През пролетта се раззелениха скритите зад хълмчето,поляна,Fillers3,STE-065_mono.wav,,Fillers3/mono/STE-065_mono.wav,filler3_APN_поляна__B,3
,,filler3,APAdvAN,хълмче,n,sg,f,pl,През пролетта се раззелениха,,скритите зад много ниското хълмче,поляна,поляни,поляни,,C,През пролетта се раззелениха скритите зад много ниското хълмче,поляна,Fillers3,STE-066_mono.wav,,Fillers3/mono/STE-066_mono.wav,filler3_APAdvAN_поляна__C,5
,,filler3,A,изкачване,n,sg,f,pl,В хижата се настаниха,,измръзналите,алпинистка,алпинистки,алпинистки,,C,В хижата се настаниха измръзналите,алпинистка,Fillers3,STE-067_mono.wav,,Fillers3/mono/STE-067_mono.wav,filler3_A_алпинистка__C,1
,,filler3,APN,изкачване,n,sg,f,pl,В хижата се настаниха,,измръзналите след изкачването,алпинистка,алпинистки,алпинистки,,A,В хижата се настаниха измръзналите след изкачването,алпинистка,Fillers3,STE-068_mono.wav,,Fillers3/mono/STE-068_mono.wav,filler3_APN_алпинистка__A,3
,,filler3,APAdvAN,изкачване,n,sg,f,pl,В хижата се настаниха,,измръзналите след много трудното изкачване,алпинистка,алпинистки,алпинистки,,B,В хижата се настаниха измръзналите след много трудното изкачване,алпинистка,Fillers3,STE-069_mono.wav,,Fillers3/mono/STE-069_mono.wav,filler3_APAdvAN_алпинистка__B,5
,,filler3,A,мастило,n,sg,f,pl,На листа трудно се четяха,,написаните,дума,думи,думи,,B,На листа трудно се четяха написаните,дума,Fillers3,STE-070_mono.wav,,Fillers3/mono/STE-070_mono.wav,filler3_A_дума__B,1
,,filler3,APN,мастило,n,sg,f,pl,На листа трудно се четяха,,написаните с мастило,дума,думи,думи,,C,На листа трудно се четяха написаните с мастило,дума,Fillers3,STE-071_mono.wav,,Fillers3/mono/STE-071_mono.wav,filler3_APN_дума__C,3
,,filler3,APAdvAN,мастило,n,sg,f,pl,На листа трудно се четяха,,написаните с много вредно мастило,дума,думи,думи,,A,На листа трудно се четяха написаните с много вредно мастило,дума,Fillers3,STE-072_mono.wav,,Fillers3/mono/STE-072_mono.wav,filler3_APAdvAN_дума__A,5
